﻿{"recipes": [

  { "id": "use.first", "internaldeck$add": { "forlegacyfamily": "exile" }, "$mute": true },
  { "id": "use.connection.official", "internaldeck$add": { "forlegacyfamily": "exile" }, "$mute": true },

  { "id": "scout.aachen", "internaldeck$add": { "forlegacyfamily": "exile" }, "$mute": true },
  { "id": "scout.alexandria", "internaldeck$add": { "forlegacyfamily": "exile" }, "$mute": true },
  { "id": "scout.algiers", "internaldeck$add": { "forlegacyfamily": "exile" }, "$mute": true },
  { "id": "scout.amsterdam", "internaldeck$add": { "forlegacyfamily": "exile" }, "$mute": true },
  { "id": "scout.avignon", "internaldeck$add": { "forlegacyfamily": "exile" }, "$mute": true },
  { "id": "scout.baghdad", "internaldeck$add": { "forlegacyfamily": "exile" }, "$mute": true },
  { "id": "scout.budapest", "internaldeck$add": { "forlegacyfamily": "exile" }, "$mute": true },
  { "id": "scout.candia", "internaldeck$add": { "forlegacyfamily": "exile" }, "$mute": true },
  { "id": "scout.cluj", "internaldeck$add": { "forlegacyfamily": "exile" }, "$mute": true },
  { "id": "scout.granada", "internaldeck$add": { "forlegacyfamily": "exile" }, "$mute": true },
  { "id": "scout.istanbul", "internaldeck$add": { "forlegacyfamily": "exile" }, "$mute": true },
  { "id": "scout.kaunas", "internaldeck$add": { "forlegacyfamily": "exile" }, "$mute": true },
  { "id": "scout.kiev", "internaldeck$add": { "forlegacyfamily": "exile" }, "$mute": true },
  { "id": "scout.krakow", "internaldeck$add": { "forlegacyfamily": "exile" }, "$mute": true },
  { "id": "scout.leningrad", "internaldeck$add": { "forlegacyfamily": "exile" }, "$mute": true },
  { "id": "scout.london", "internaldeck$add": { "forlegacyfamily": "exile" }, "$mute": true },
  { "id": "scout.marrakech", "internaldeck$add": { "forlegacyfamily": "exile" }, "$mute": true },
  { "id": "scout.meshad", "internaldeck$add": { "forlegacyfamily": "exile" }, "$mute": true },
  { "id": "scout.munich", "internaldeck$add": { "forlegacyfamily": "exile" }, "$mute": true },
  { "id": "scout.nizhny", "internaldeck$add": { "forlegacyfamily": "exile" }, "$mute": true },
  { "id": "scout.paris", "internaldeck$add": { "forlegacyfamily": "exile" }, "$mute": true },
  { "id": "scout.prague", "internaldeck$add": { "forlegacyfamily": "exile" }, "$mute": true },
  { "id": "scout.rostock", "internaldeck$add": { "forlegacyfamily": "exile" }, "$mute": true },
  { "id": "scout.samarkand", "internaldeck$add": { "forlegacyfamily": "exile" }, "$mute": true },
  { "id": "scout.stalingrad", "internaldeck$add": { "forlegacyfamily": "exile" }, "$mute": true },
  { "id": "scout.strasbourg", "internaldeck$add": { "forlegacyfamily": "exile" }, "$mute": true },
  { "id": "scout.sverdlovsk", "internaldeck$add": { "forlegacyfamily": "exile" }, "$mute": true },
  { "id": "scout.tiflis", "internaldeck$add": { "forlegacyfamily": "exile" }, "$mute": true },
  { "id": "scout.tirana", "internaldeck$add": { "forlegacyfamily": "exile" }, "$mute": true },
  { "id": "scout.tripoli", "internaldeck$add": { "forlegacyfamily": "exile" }, "$mute": true },
  { "id": "scout.valletta", "internaldeck$add": { "forlegacyfamily": "exile" }, "$mute": true },
  { "id": "scout.venice", "internaldeck$add": { "forlegacyfamily": "exile" }, "$mute": true },
  { "id": "scout.vienna", "internaldeck$add": { "forlegacyfamily": "exile" }, "$mute": true },
  { "id": "scout.bornholm", "internaldeck$add": { "forlegacyfamily": "exile" }, "$mute": true },
  { "id": "scout.cheko", "internaldeck$add": { "forlegacyfamily": "exile" }, "$mute": true },
  { "id": "scout.ghardaia", "internaldeck$add": { "forlegacyfamily": "exile" }, "$mute": true },
  { "id": "scout.messana", "internaldeck$add": { "forlegacyfamily": "exile" }, "$mute": true },
  { "id": "scout.morbihan", "internaldeck$add": { "forlegacyfamily": "exile" }, "$mute": true },
  { "id": "scout.paro", "internaldeck$add": { "forlegacyfamily": "exile" }, "$mute": true },
  { "id": "scout.slettnes", "internaldeck$add": { "forlegacyfamily": "exile" }, "$mute": true },
  { "id": "scout.wilderness", "internaldeck$add": { "forlegacyfamily": "exile" }, "$mute": true },

  { "id": "send.investigate.aachen", "internaldeck$add": { "forlegacyfamily": "exile" }, "$mute": true },
  { "id": "send.investigate.alexandria", "internaldeck$add": { "forlegacyfamily": "exile" }, "$mute": true },
  { "id": "send.investigate.algiers", "internaldeck$add": { "forlegacyfamily": "exile" }, "$mute": true },
  { "id": "send.investigate.amsterdam", "internaldeck$add": { "forlegacyfamily": "exile" }, "$mute": true },
  { "id": "send.investigate.avignon", "internaldeck$add": { "forlegacyfamily": "exile" }, "$mute": true },
  { "id": "send.investigate.baghdad", "internaldeck$add": { "forlegacyfamily": "exile" }, "$mute": true },
  { "id": "send.investigate.budapest", "internaldeck$add": { "forlegacyfamily": "exile" }, "$mute": true },
  { "id": "send.investigate.candia", "internaldeck$add": { "forlegacyfamily": "exile" }, "$mute": true },
  { "id": "send.investigate.cluj", "internaldeck$add": { "forlegacyfamily": "exile" }, "$mute": true },
  { "id": "send.investigate.granada", "internaldeck$add": { "forlegacyfamily": "exile" }, "$mute": true },
  { "id": "send.investigate.istanbul", "internaldeck$add": { "forlegacyfamily": "exile" }, "$mute": true },
  { "id": "send.investigate.kaunas", "internaldeck$add": { "forlegacyfamily": "exile" }, "$mute": true },
  { "id": "send.investigate.kiev", "internaldeck$add": { "forlegacyfamily": "exile" }, "$mute": true },
  { "id": "send.investigate.krakow", "internaldeck$add": { "forlegacyfamily": "exile" }, "$mute": true },
  { "id": "send.investigate.leningrad", "internaldeck$add": { "forlegacyfamily": "exile" }, "$mute": true },
  { "id": "send.investigate.london", "internaldeck$add": { "forlegacyfamily": "exile" }, "$mute": true },
  { "id": "send.investigate.marrakech", "internaldeck$add": { "forlegacyfamily": "exile" }, "$mute": true },
  { "id": "send.investigate.meshad", "internaldeck$add": { "forlegacyfamily": "exile" }, "$mute": true },
  { "id": "send.investigate.munich", "internaldeck$add": { "forlegacyfamily": "exile" }, "$mute": true },
  { "id": "send.investigate.nizhny", "internaldeck$add": { "forlegacyfamily": "exile" }, "$mute": true },
  { "id": "send.investigate.paris", "internaldeck$add": { "forlegacyfamily": "exile" }, "$mute": true },
  { "id": "send.investigate.prague", "internaldeck$add": { "forlegacyfamily": "exile" }, "$mute": true },
  { "id": "send.investigate.rostock", "internaldeck$add": { "forlegacyfamily": "exile" }, "$mute": true },
  { "id": "send.investigate.samarkand", "internaldeck$add": { "forlegacyfamily": "exile" }, "$mute": true },
  { "id": "send.investigate.stalingrad", "internaldeck$add": { "forlegacyfamily": "exile" }, "$mute": true },
  { "id": "send.investigate.strasbourg", "internaldeck$add": { "forlegacyfamily": "exile" }, "$mute": true },
  { "id": "send.investigate.sverdlovsk", "internaldeck$add": { "forlegacyfamily": "exile" }, "$mute": true },
  { "id": "send.investigate.tiflis", "internaldeck$add": { "forlegacyfamily": "exile" }, "$mute": true },
  { "id": "send.investigate.tirana", "internaldeck$add": { "forlegacyfamily": "exile" }, "$mute": true },
  { "id": "send.investigate.tripoli", "internaldeck$add": { "forlegacyfamily": "exile" }, "$mute": true },
  { "id": "send.investigate.valletta", "internaldeck$add": { "forlegacyfamily": "exile" }, "$mute": true },
  { "id": "send.investigate.venice", "internaldeck$add": { "forlegacyfamily": "exile" }, "$mute": true },
  { "id": "send.investigate.vienna", "internaldeck$add": { "forlegacyfamily": "exile" }, "$mute": true },
  { "id": "send.investigate.wilderness", "internaldeck$add": { "forlegacyfamily": "exile" }, "$mute": true },

  { "id": "send.investigate.aachen.turmoil", "internaldeck$add": { "forlegacyfamily": "exile" }, "$mute": true },
  { "id": "send.investigate.algiers.turmoil", "internaldeck$add": { "forlegacyfamily": "exile" }, "$mute": true },
  { "id": "send.investigate.baghdad.turmoil", "internaldeck$add": { "forlegacyfamily": "exile" }, "$mute": true },
  { "id": "send.investigate.istanbul.turmoil", "internaldeck$add": { "forlegacyfamily": "exile" }, "$mute": true },
  { "id": "send.investigate.kiev.turmoil", "internaldeck$add": { "forlegacyfamily": "exile" }, "$mute": true },
  { "id": "send.investigate.leningrad.turmoil", "internaldeck$add": { "forlegacyfamily": "exile" }, "$mute": true },
  { "id": "send.investigate.london.turmoil", "internaldeck$add": { "forlegacyfamily": "exile" }, "$mute": true },
  { "id": "send.investigate.munich.turmoil", "internaldeck$add": { "forlegacyfamily": "exile" }, "$mute": true },
  { "id": "send.investigate.nizhny.turmoil", "internaldeck$add": { "forlegacyfamily": "exile" }, "$mute": true },
  { "id": "send.investigate.samarkand.turmoil", "internaldeck$add": { "forlegacyfamily": "exile" }, "$mute": true },
  { "id": "send.investigate.stalingrad.turmoil", "internaldeck$add": { "forlegacyfamily": "exile" }, "$mute": true },
  { "id": "send.investigate.sverdlovsk.turmoil", "internaldeck$add": { "forlegacyfamily": "exile" }, "$mute": true },
  { "id": "send.investigate.tiflis.turmoil", "internaldeck$add": { "forlegacyfamily": "exile" }, "$mute": true },


]}
